SKU;Inventario;Precio normal
UPDATECHECK;25122023;203006
00071;6.00;62845.62
00072;2.00;101082.36
01-00125-01;0.00;172057.22
096952;-6.00;3225.81
100140;13.00;12220.75
100141;12.00;13650.52
100334;11.00;47452.29
100648;10.00;24570.99
100796;9.00;7020.40
100815;7.00;28601.28
100935;1.00;22490.98
101687;0.00;1884.95
10-20-106;0.00;170914.20
10-20-156;0.00;327692.59
10-20-255;0.00;305846.49
10-20-310;0.00;693937.19
10-20-403;1.00;796742.85
10-20-500;2.00;1134715.96
10221;24.00;12350.63
10-25-100;1.00;285910.19
10-25-126;12.00;279102.67
10-25-412;0.00;293762.65
10-25-428;0.00;515629.72
10-25-552;13.00;984104.47
10-25-703;0.00;1078102.61
10260;42.00;11326.62
10-26-825;0.00;9218910.52
10303;63.00;8450.10
10-35-604;0.00;125387.92
10-35-606;14.00;161270.08
10-35-616;0.00;458083.45
10-35-622;0.00;780822.97
10-36-014;4.00;343650.09
10-36-016;2.00;334691.99
10-36-037;0.00;1651812.97
10-36-038;0.00;1651812.97
10-36-055;15.00;137639.64
10-36-065;14.00;137464.88
10-36-080;0.00;354816.27
10-37-100;3.00;661511.93
10-39-018;1.00;1355646.35
10-39-140;0.00;770910.15
10-39-145;0.00;924566.88
10-39-270;0.00;3267503.25
10-39-675;1.00;236394.94
10402;13.00;44592.23
10-40-550;3.00;130671.30
10-40-750;-1.00;296634.96
10-40-940;0.00;631450.69
10-40-960;0.00;1072011.53
10-40-980;0.00;1116063.86
10-41-052;20.00;295565.95
10-42-000;0.00;203040.83
10-50-236;20.00;86199.30
10-50-336;-1.00;205906.90
10-50-364;18.00;159974.22
10-50-536;3.00;254773.62
10-52-436;3.00;270837.25
10-53-336;0.00;166934.38
10647;23.00;11570.58
10656;-5.00;4368.25
10-76-559;0.00;639824.56
10-76-563;0.00;703216.14
10-78-038;0.00;358460.66
10-78-042;-1.00;392529.06
10-78-102;1.00;311060.68
10811;0.00;2151.60
10890;0.00;3064.39
10891;0.00;5150.87
10902;0.00;75403.67
10-92-090;0.00;615446.03
10-99-036;1.00;156765.90
10-99-045;16.00;152923.12
10-99-050;2.00;165761.62
10-99-062;0.00;318697.12
11139;3.00;12062.32
11141;1.00;16300.36
11143;1.00;17865.35
11145;0.00;26602.31
11186;3.00;569877.97
11-32-326;-1.00;154208.30
11-32-332;0.00;183764.83
11-32-351;2.00;297025.04
11-32-353;0.00;703589.87
11-33-327;2.00;335470.57
11-33-330;1.00;316532.72
11-33-340;0.00;300300.46
11556;82.00;3822.22
11873;0.00;3900.11
00073;7.00;133063.81
00074;2.00;169040.99
00075;5.00;201111.45
00076;6.00;268732.53
00149;19.00;333747.39
01-00051-00;0.00;1178460.38
096950;-2.00;3225.81
100376;0.00;16900.84
100437;0.00;4810.29
10067;3.00;61102.45
100795;16.00;6110.10
100850;52.00;10075.55
100933;-1.00;32761.23
100934;11.00;27301.07
100941;0.00;31201.42
101685;0.00;2275.16
101780;0.00;4160.25
10-20-050;3.00;215891.59
10-20-124;0.00;204325.88
10-20-224;1.00;158063.44
10-20-250;4.00;192760.43
10-20-260;0.00;584706.41
10-20-280;8.00;867421.62
10-20-313;4.00;693937.19
10-20-750;0.00;1696291.21
10-20-999;97.00;30604.70
10-25-125;14.00;260996.13
10-25-128;0.00;402416.91
10-25-409;0.00;268753.01
10-25-427;0.00;428153.29
10-25-551;0.00;945314.17
10-25-700;0.00;1062507.40
10-25-910;0.00;2886414.81
10-25-913;0.00;2954326.56
10314;16.00;87234.19
10-36-013;7.00;297337.78
10-36-015;18.00;289851.73
10-36-020;0.00;1165432.91
10-36-036;0.00;1651812.97
10-36-070;0.00;227457.29
10-36-167;0.00;346606.83
10-36-265;0.00;346606.83
10-37-070;3.00;503284.84
10380;0.00;26001.17
10-39-065;0.00;304686.70
10-39-090;0.00;667145.85
10-39-190;0.00;2726421.50
10-39-775;22.00;274835.32
10-40-065;2.00;718285.97
10-40-130;6.00;1197130.24
10-40-300;10.00;111605.29
10-40-700;3.00;227334.32
10-40-900;3.00;460534.02
10-40-920;0.00;645188.49
10-41-133;0.00;269864.57
10-50-362;65.00;113911.71
10-50-436;0.00;234772.34
10-52-136;1.00;272548.46
10-52-336;0.00;224947.45
10539;0.00;21580.91
10-55-136;13.00;526387.11
10638;0.00;5460.22
10652;20.00;3835.12
10752;13.00;4368.20
10754;0.00;21320.96
10-76-560;0.00;661439.12
10-76-561;0.00;661856.13
10-78-048;0.00;451778.66
10-78-101;-1.00;333279.33
10-78-200;0.00;293285.70
10889;0.00;1108.42
10-92-018;0.00;554084.52
10-92-019;43.00;595371.23
10-92-148;4.00;490208.87
10-92-149;20.00;490208.87
10-99-038;7.00;145212.69
11002-B;8.00;59362.26
11-32-052;0.00;184215.61
11-32-261;-1.00;372902.81
11-32-269;5.00;173484.43
11-32-325;0.00;147782.92
11-32-352;0.00;511258.60
11338;13.00;6760.12
11395;15.00;9490.56
11439;69.00;4550.35
11443;4.00;78003.58
11506;14.00;40301.91
11540;58.00;1820.03
11553;47.00;2799.13
11668;22.00;5590.32
11987;0.00;21320.99
12022;0.00;12740.62
12024;18.00;28601.48
12422;28.00;6370.19
12424;14.00;6370.19
12427;19.00;6760.14
12429;15.00;6760.17
12430;15.00;7800.59
12431;1.00;7800.54
12433;13.00;8125.38
12656;105.00;5200.35
12717;12.00;3380.17
12942;79.00;818.81
12952;-1.00;18850.98
130;41.00;366211.63
13019;6.00;16250.76
13292;662.00;2145.18
13294;523.00;2600.25
13422;114.00;3119.95
13423;90.00;2600.17
13547;0.00;205012.91
13790;16.00;7540.45
13B8775S345;3.00;5329114.35
13BB775S345;0.00;3912514.41
13BJ77KT345;0.00;5059285.68
14-00-080;0.00;304050.04
14-00-120;18.00;165636.74
14-00-180;0.00;216952.00
14-00-200;0.00;237675.31
14-00-220;0.00;253807.32
14-00-250;8.00;716881.47
14-01-200;0.00;404746.74
14168;7.00;23010.86
14196;0.00;21451.00
14197;15.00;27431.17
14-21-180;0.00;851358.30
14-21-200;3.00;1131858.98
14-30-180;0.00;543047.77
14374;7.00;6630.27
14376;28.00;7020.30
14382;44.00;5590.26
14384;10.00;11440.57
14386;19.00;4613.75
14387;2.00;3380.17
14397;4.00;5590.32
14447;23.00;2990.12
14449;56.00;3900.11
14450;53.00;6110.17
14451;54.00;6370.15
14460;90.00;8060.35
14461;73.00;9100.43
14500;-1.00;19110.72
14-50-003;109.00;55243.14
14509;4.00;79303.74
14524;19.00;52652.34
14534;0.00;13650.49
14543;13.00;27574.29
14578;88.00;8190.32
14621;22.00;4810.27
14626;38.00;23141.23
14874;1.00;5980.28
150;32.00;479990.18
150/P;20.00;46292.05
15040;13.00;21321.13
15143;7.00;22100.86
15147;0.00;12220.81
15159;4.00;25947.99
15312;5.00;16250.74
15313;5.00;18980.88
15315;117.00;2600.21
15316;117.00;2990.13
15321;22.00;6370.18
15405;15.00;49402.11
15411;15.00;84503.81
15421;1.00;7800.57
15481;5.00;22621.03
155/P;30.00;49840.84
1555JC;-1.00;185373.73
1559JB;0.00;238781.34
15830;2.00;55252.65
15831;3.00;67603.24
15852;0.00;4810.27
15854;0.00;7865.42
1600A0021D;24.00;74177.11
1600A0021E;0.00;135833.10
1600A002U5;0.00;183658.16
1600A01B6Z;7.00;200277.14
1600Z00037;0.00;152298.74
16012;0.00;18850.93
16-05-060;1.00;1327160.59
16-05-141;0.00;2712592.28
16540;15.00;44830.50
11875;0.00;5980.22
11985;5.00;16771.02
11997;19.00;10010.39
12279;21.00;27951.28
12-35-000;6.00;296850.88
1235630;9.00;307131.53
12-38-228;1.00;232560.24
12423;30.00;6370.19
12425;8.00;6760.14
12426;23.00;6760.14
12428;16.00;6760.14
12432;12.00;8125.40
12795;19.00;16900.78
12860;6.00;10985.48
12868;7.00;20801.01
12871;21.00;40951.93
12874;11.00;14196.58
12890;4.00;24961.26
12939;104.00;818.81
13291;544.00;2145.18
13295;709.00;2600.25
13417;117.00;1950.00
13420;118.00;2600.18
13426;112.00;7540.41
13568;9.00;79303.67
13975;0.00;258711.18
13988;54.00;1012.38
14-00-160;9.00;197988.01
14-01-320;4.00;983601.79
14166;14.00;8450.18
14-20-180;0.00;899548.38
14-22-250;0.00;1167965.64
14-22-315;0.00;1490143.64
14-30-200;0.00;529448.62
14-30-220;0.00;758190.71
14332;25.00;10712.70
14388;11.00;41602.17
14394;9.00;27301.29
14395;11.00;3250.25
14443;141.00;715.15
14445;121.00;1039.97
14448;46.00;3250.22
14459;77.00;5808.81
14-50-001;18.00;17762.79
14-50-002;91.00;35031.51
14503;-3.00;18460.84
14506;0.00;32241.53
14522;3.00;19500.97
14536;3.00;16250.76
14579;230.00;13000.51
14631;7.00;34581.51
14651;0.00;40041.73
14843;0.00;64157.99
14845;-1.00;107905.26
14863;0.00;12480.63
14958;22.00;34191.64
15030;13.00;12220.85
15110;16.00;8719.05
15314;5.00;27951.25
15326;1.00;5850.39
15424;36.00;10270.48
1570JB;0.00;348429.79
15824;26.00;6630.27
15850;0.00;3640.30
15855;15.00;6500.33
15962;0.00;4875.28
16000;22.00;14950.78
1600A015TE;0.00;436466.03
1600Z00036;0.00;108829.08
1600Z00038;0.00;173669.87
16018;0.00;15945.40
16-05-090;-1.00;2392067.15
16-05-130;0.00;2786780.97
16-05-140;0.00;3324526.92
16-05-150;1.00;4951015.94
16-05-160;0.00;4431813.88
16478;144.00;8255.31
16654;0.00;13780.53
16856;3.00;167706.64
16857;0.00;43551.63
16930;37.00;5070.28
16931;34.00;7410.22
16932;37.00;15471.04
16965;15.00;1924.02
16977;47.00;4030.01
17032;27.00;9750.37
17034;1.00;13910.54
17054;12.00;13000.58
17058;-1.00;1300.08
17102;4.00;21971.11
17360;0.00;20150.86
17420;9.00;7670.40
17421;13.00;10660.43
17432;11.00;8320.32
17434;10.00;7670.42
17468;3.00;27821.25
17538;44.00;2340.22
17550;31.00;4550.37
17556;0.00;10140.42
17662;11.00;9360.14
17664;8.00;27561.33
17690;8.00;8840.48
17700;11.00;2340.24
17701;12.00;2990.21
17964;2.00;36401.64
18024;9.00;20800.98
18165;7.00;12350.63
18174;14.00;13260.61
1831JB;6.00;241431.98
18397;-1.00;15600.69
18452;3.00;11180.47
18531;48.00;11830.53
18600-20;0.00;302430.51
19-00-500;0.00;2807386.86
19-01-300;0.00;2286083.54
19028;11.00;42200.42
19065;25.00;17550.87
19089;11.00;7150.37
19-10-030;0.00;995774.22
19-10-110;5.00;1149798.79
19-10-210;0.00;852203.80
19-10-800;0.00;8319131.54
19-11-020;0.00;987474.24
19-11-030;0.00;878443.47
19-11-230;0.00;1123808.38
19-11-330;0.00;1849304.36
19-13-011;0.00;1.48
19-13-122;1.00;88874.54
19-13-188;2.00;123748.44
19-13-244;7.00;162821.58
19-13-300;7.00;195380.37
19-13-500;0.00;4734478.24
19-13-600;0.00;5397434.57
19-20-000;1.00;1122744.68
19-20-900;0.00;7169332.88
19235;6.00;4940.13
19238;2.00;44202.06
19285;0.00;20020.89
19-30-000;0.00;892784.97
19-30-400;0.00;1542082.79
19-30-500;0.00;1920840.13
19-40-100;3.00;158492.67
19-40-102;0.00;192575.87
19-40-103;0.00;236998.79
19-41-020;0.00;355669.23
19-41-030;0.00;625921.07
19-60-000;1.00;1758502.70
19680;55.00;2600.18
19681;35.00;3119.92
19710;65.00;11960.51
19787;28.00;12935.58
19943;1.00;97504.53
19997;0.00;11960.52
19F4;0.00;44385.86
20055;126.00;4680.20
20069;104.00;3900.14
20072;105.00;5850.29
20074;1.00;10270.46
203/C;11.00;87449.69
205/C;8.00;120802.88
20531;10.00;5356.34
20532;10.00;11180.46
20-90-100;0.00;49620.12
20-90-250;0.00;90988.66
20-90-300;20.00;106617.90
21005;16.00;47144.76
21420;0.00;12480.57
21538;86.00;2145.03
21690;51.00;10400.47
21693;7.00;7832.26
21694;6.00;3900.13
221023;526.00;7287.36
22290;24.00;8736.41
22396;86.00;1820.02
22400;0.00;2730.03
22409;2.00;4680.20
22801;11.00;4875.22
22881;18.00;16380.76
22976;22.00;21581.06
23051;5.00;9497.99
23550;-2.00;5135.14
24005;16.00;25148.77
24006;6.00;47705.22
24-12-450;2.00;205763.09
16779;10.00;99714.68
16824;-1.00;119590.94
16950;56.00;10400.47
16951;0.00;5590.39
16956;0.00;1690.03
17025;0.00;12220.72
17030;34.00;9165.58
17036;0.00;14300.68
17038;-3.00;18200.90
17040;16.00;29251.19
17275;24.00;4160.20
17276;16.00;6825.34
17336;5.00;11960.55
17340;6.00;21971.07
17371;5.00;5330.21
17419;16.00;6500.24
17423;3.00;12480.59
17429;15.00;18850.92
17433;9.00;9100.35
17467;7.00;26651.27
17469;8.00;29901.31
17537;44.00;1430.20
17660;66.00;5720.37
17661;18.00;6630.28
17663;8.00;13390.71
17680;20.00;200208.06
17702;11.00;4290.42
17759;17.00;21841.04
17794;7.00;23271.16
18168;9.00;11180.52
18290-26;8.00;17235.59
18371;9.00;25351.15
18453;9.00;9100.37
18620-20;0.00;470169.34
19-00-100;0.00;1474447.64
19-00-114;2.00;426101.78
19-00-299;0.00;61349.20
19-01-200;0.00;2637773.49
19075;42.00;10205.53
19094;14.00;30161.25
19-10-010;1.00;723696.77
19-10-310;0.00;1650312.26
19-10-900;1.00;5816628.62
19-11-120;0.00;1460920.59
19-11-220;0.00;1190379.84
19-11-320;0.00;1947881.24
19-13-000;0.00;716933.24
19-13-012;0.00;3845.31
19-13-022;0.00;20303.86
19-20-200;1.00;1163325.72
19-20-300;2.00;1555609.98
19-21-220;0.00;1420339.42
19232;36.00;10725.49
19281;-1.00;14300.68
19282;-1.00;20541.12
19283;3.00;21451.13
19286;2.00;24051.32
19-30-999;2.00;1555609.98
19-31-020;0.00;1203920.02
19-40-000;1.00;338176.16
19-40-101;5.00;168875.82
19-40-900;4.00;311060.68
19-50-000;0.00;2619570.91
19588T;15.00;16640.82
19-60-020;0.00;2029056.45
19656;16.00;13390.73
19679;49.00;2079.97
19915;59.00;26651.15
20073;29.00;8450.23
20214;1.00;7800.54
20533;-1.00;13636.00
20567;48.00;7930.26
20-90-150;0.00;68241.59
20-90-200;0.00;79608.19
210/C;9.00;146977.23
21-003;356.00;34102.65
21004;5.00;19646.39
21382;21.00;3900.18
21455;19.00;4550.40
21607;214.00;4680.20
21625;145.00;6500.37
21800;4.00;12740.51
2212JB;0.00;148420.83
222025;205.00;7685.07
222025E;458.00;7006.40
22454;107.00;188730.91
22506;8.00;11389.60
23050;15.00;5070.28
24004;3.00;10515.69
24055;12.00;2340.26
24-12-350;0.00;91290.42
24-12-400;0.00;125632.18
24-12-500;1.00;306775.32
24232;16.00;9576.00
24235;82.00;8580.45
25097;0.00;6795.98
26003;55.00;2562.61
26004;0.00;8766.70
26007;21.00;7280.18
2607017333;0.00;55255.05
2607017396;0.00;49709.73
2607017397;0.00;99794.60
2607017467;13.00;75964.45
2607017473;0.00;162831.72
270;6.00;55516.63
28152;48.00;8970.58
310.18.325;23.80;15790.85
310.18.400;0.00;13962.09
310.200;209.00;18689.21
310.250;998.90;12967.84
310.400;70.00;13061.41
32005;5.00;18099.19
332026;-1.00;1970.96
33D-325H;40.00;21909.11
34D-3/8APH;54.00;20012.43
36D-325H;7.00;21025.09
3710JB;0.00;542962.83
41024;28.00;45450.14
42005;0.00;30003.37
4380JB;-2.00;87735.26
4400JB;0.00;102122.35
44443;7.00;16770.93
4550JB;0.00;132326.51
46D-404APH;26.00;30572.69
49-00-153;0.00;1908731.58
49-10-403;0.00;687055.60
49-10-880;0.00;4579626.34
49-10-965;0.00;2502503.06
5000;6.00;257240.48
5001;3.00;217450.75
5007;4.00;469023.37
5015979-02;0.00;14251.60
5016529-01;0.00;208783.48
5018071-05;44.00;8939.88
5018315-04;108.00;42337.69
5019580-84;0.00;95851.21
5019581-92;0.00;167653.52
5019592-52;-1.00;30335.79
5019595-45;5.00;29322.97
50719223;243.00;6732.78
50719226;4.00;6732.78
50719301;220.00;20278.50
50719503;447.00;32316.04
50719504;448.00;32316.04
516;0.00;380536.65
52006;15.00;35830.18
5200JB;0.00;157966.06
5300470-61;15.00;16873.93
5374444-01;12.00;28020.79
5448054-02;33.00;12086.62
5448054-03;-1.00;16178.52
5450618-01;-12.00;7046.77
5752691-03;47.00;14740.68
5774192-01;5.00;5300.73
5780979-01;68.00;13590.14
5818079-45;0.00;24605.86
5820753-72;18.00;42553.39
5820869-64;4.00;53180.84
5859434-68;22.00;52490.48
5882664-01;8.00;67432.53
6004L;9.00;68668.04
6005L;5.00;127788.18
6006L;5.00;135691.87
6051990;-2.00;13012.59
6520JB;1.00;279274.40
7232JB;0.00;94842.61
7351JB;0.00;156464.94
8003JB;0.00;82210.18
8003JF;0.00;109784.00
8100B-G600;1462.00;73714.00
82004;0.00;27910.42
84004;7.00;39107.10
9004JR;0.00;80863.13
9051JB;4.00;191940.70
9071JF;0.00;294221.91
91003;27.00;10767.55
91004;3.00;40129.02
91103;34.00;10767.77
91104;6.00;40129.02
91303;25.00;10767.85
91304;9.00;40129.02
24223;18.00;70202.99
24233;69.00;11302.83
24234;23.00;5980.22
25003;16.00;2663.46
25004;0.00;9138.17
25104;0.00;21112.04
2511JH;0.00;277146.18
26008;17.00;3900.12
2607017314;0.00;61068.96
2607017470;-1.00;75964.45
26100;10.00;18200.88
26D-3/8BPH;6.00;18324.55
28D-3/8BPH;73.00;19594.61
310.18.250;33.70;17663.74
310.325;84.00;11637.02
32006;19.00;33662.59
322125;3.00;11378.48
3310JB;0.00;663498.03
3311JB;0.00;845349.74
3610JB;0.00;765636.62
4059952565415;8.00;817111.35
42D-3/8APH;10.00;25284.75
44441;7.00;10140.62
4751JB;0.00;212575.28
48003;53.00;8835.75
48004;6.00;30893.33
49-00-141;0.00;859742.12
49-00-157;0.00;3813050.04
49-00-502;0.00;1634815.13
49-00-602;0.00;1526533.28
4900JB;0.00;407580.32
49-10-220;0.00;2285912.69
49-10-780;0.00;5494382.80
49-20-050;0.00;17125262.74
5004;1.00;364831.55
5005;0.00;342154.64
5016542-01;0.00;251695.90
5019592-56;-5.00;42594.59
5034539-02;50.00;21259.34
5036259-03;12.00;31767.62
5038981-01;72.00;11461.62
5054415-01;6.00;17403.30
50719224;29.00;6732.78
5230826-01;14.00;17573.52
5372557-03;77.00;11332.18
5372916-04;105.00;20629.35
5402JF;0.00;196830.46
5440808-03;59.00;11332.18
56D-3/8APH;0.00;39058.79
5740204-01;0.00;13288.16
5742237-02;56.00;5841.44
5747185-01;19.00;19510.49
5780370-03;-16.00;22009.59
5784001-72;0.00;42006.92
5820753-66;15.00;57293.92
5859432-66;1.00;0.00
5859508-68;21.00;66656.78
5869806-01;5.00;23541.74
5882660-01;3.00;59221.03
5882670-01;0.00;113595.63
5882671-01;2.00;262381.30
5939141-59;0.00;30818.46
5939143-59;0.00;58501.75
6046950;0.00;13125.57
6555JB;1.00;118874.79
6600JB;0.00;101345.75
7640JB;0.00;237233.34
8005JF;-1.00;186708.34
82003;17.00;8050.24
84003;16.00;10849.66
8416;13.00;26119.35
90003;34.00;10767.60
90004;0.00;40128.98
9002JR;0.00;81660.81
9010637;0.00;128081.86
965173604;1.00;3905781.50
967623603;0.00;594380.81
990001;29.00;100261.01
990002;22.00;131473.19
991464;62.00;11659.72
991466;9.00;13207.25
991557;46.00;7042.61
991591;10.00;17762.09
991593;17.00;29406.36
991811;132.00;4679.90
991813;125.00;5155.68
991998;4.00;21045.59
992100;59.00;25340.34
992101;77.00;25340.33
992108;0.00;27874.38
992110;31.00;25340.33
992111;34.00;25340.33
992120;52.00;25340.35
967623601;0.00;84977.36
967623602;0.00;122511.60
991512;10.00;30353.49
991542;1.00;10875.35
991592;24.00;25378.47
991812;0.00;4975.57
991884;0.00;24944.98
991901;67.00;16118.57
991903;10.00;19497.43
992117;0.00;27874.36
992237;38.00;30841.10
992832;3.00;17181.49
992852;22.00;15296.58
992855;0.00;8460.82
992857;0.00;15296.59
992861;41.00;32668.45
992862;20.00;41947.55
992863;2.00;60678.26
992864;1.00;77434.20
992865;6.00;93116.59
993100;1.00;12251.72
994502;32.00;3075.84
994507;152.00;4119.77
994508;17.00;4319.95
994512;136.00;7061.21
994513;48.00;7340.63
994514;73.00;8609.49
994515;63.00;8884.85
994519;44.00;15023.67
994520;52.00;15988.55
994521;59.00;16761.92
994523;64.00;20367.46
994524;35.00;21573.73
994525;53.00;22724.53
994526;6.00;27269.59
994532;27.00;3132.30
994533;37.00;3466.27
994534;145.00;4319.95
994535;20.00;5339.11
994539;42.00;10786.99
994601;20.00;7779.99
994602;24.00;7926.67
994604;12.00;7954.18
994605;19.00;8192.57
994606;1.00;8362.18
994607;9.00;8820.67
994608;21.00;9609.20
994609;22.00;9989.69
994610;21.00;10686.64
994611;25.00;12094.05
997710;18.00;12804.55
997712;10.00;23250.69
997721;8.00;261414.84
997722;24.00;141503.04
997731;30.00;54959.31
A021;0.00;3449.81
A022;1.00;4704.61
A031;0.00;3449.81
A042;227.00;4704.61
A051;66.00;3449.81
A052;0.00;4704.61
A061;134.00;3449.82
A062;88.00;4704.54
A082;22.00;4704.60
A091;63.00;3449.81
A101;97.00;3449.81
A112;9.00;4704.38
A132;55.00;4704.61
A141;143.00;3450.12
A161;103.00;3449.79
A171;0.00;3449.81
A172;20.00;4704.61
A181;87.00;3449.81
A188;87.00;189865.35
A192;8.00;7446.18
A202;3.00;7446.18
A211;57.00;4522.67
A222;16.00;6196.75
AA-IBL2065D;62.00;806911.18
AB-550;12.00;73609.22
AD-SDS/M;13.00;2108.68
AD-SDS-HEX;16.00;6571.52
AL1115CV;0.00;90935.93
AL1820CV;0.00;202749.19
AL1860CV;1.00;224008.57
AM0054;6.00;48834.22
AM0216;7.00;159567.53
AM0246;5.00;159567.53
AM0284;33.00;48834.22
AM0294P;0.00;24538.72
992130;42.00;25340.30
992183;7.00;90174.85
992192;0.00;30408.45
992235;15.00;25817.25
992841;63.00;12783.01
992850;14.00;8460.83
992851;8.00;12143.87
992853;2.00;22613.17
992854;3.00;38779.63
992856;0.00;12143.87
992858;0.00;22613.17
992932;55.00;4895.87
993130;109.00;12251.75
994501;51.00;3006.11
994503;87.00;3132.30
994504;138.00;3221.26
994505;97.00;3466.27
994506;34.00;3807.66
994509;131.00;5339.11
994510;134.00;5991.54
994511;87.00;6523.27
994516;60.00;11648.36
994517;1.00;12004.31
994518;54.00;13910.21
994522;38.00;20002.06
994531;35.00;3006.11
994536;12.00;6539.05
994537;15.00;7029.12
994538;119.00;8635.79
994540;49.00;11139.44
994541;42.00;15023.67
994542;33.00;16761.92
994543;20.00;22705.40
994544;42.00;27257.71
994545;39.00;3807.66
994603;2.00;7935.88
994612;17.00;12094.05
996110;2.00;331865.24
997714;18.00;58015.18
A011;117.00;3449.81
A012;0.00;4704.65
A032;0.00;4704.61
A041;57.00;3449.81
A071;5.00;3449.81
A072;41.00;4704.61
A081;40.00;3449.82
A092;61.00;4704.61
A102;1.00;4704.61
A111;38.00;3449.81
A121;121.00;3449.82
A122;5.00;4704.61
A131;38.00;3449.81
A142;43.00;4704.61
A151;127.00;3450.12
A152;9.00;4704.65
A182;22.00;4704.61
A185;94.00;189865.35
A187;71.00;189865.35
A191;64.00;5047.27
A201;0.00;5047.27
A212;0.00;6196.75
A221;27.00;4522.69
AA-5000K;74.00;27301.19
AB-375;16.00;47489.98
AD-HEX-HEX;16.00;8686.63
AFL65-7;8.00;43686.33
AL1814CV;0.00;94330.57
AM0214;0.00;33487.57
AM0244;3.00;33487.57
AM0254;8.00;0.00
AM0286;1.00;236301.41
AM0326;1.00;236301.41
AM0344;7.00;25646.78
AML1010-8;14.00;65232.87
AML1400-9;9.00;82628.33
AMM13M-9;0.00;1300.10
ANL120-8A;0.00;15434.19
ANL90-8;7.00;29681.14
AR193;14.00;47489.91
ARL710-8;4.00;65232.87
ASC145;0.00;246799.26
ATL18-8B;21.00;89151.69
ATL18-9B;27.00;103285.42
BE04-V;18.00;12273.94
BP10R;77.00;19381.67
BP212;11.00;60528.88
BR-SET-010;22.00;3355.87
BS18LT;-1.00;270175.14
BSA14.4-18;0.00;327224.27
BSA18LED4000;0.00;286379.05
BT150;2.00;98756.35
BT160;0.00;208343.85
CAML250-8;1.00;162507.46
CAR-005;0.00;143923.83
CAR-P;77.00;73933.53
CB20300;31.00;11060.34
CB20500;22.00;16783.46
CB25800;0.00;21785.22
CC2TD;0.00;374703.31
CCB100D;8.00;4567.48
CCC100D;94.00;3294.56
CCCE63;26.00;1433.40
CCCE75;43.00;1775.54
CCR100-9;0.00;3575.15
CCR100D;8.00;4781.45
CCR150D;64.00;9423.63
CCR75-9;0.00;3250.25
C-E125;6.00;136313.28
C-E55;3.00;46550.38
C-E76;5.00;65798.89
C-E90;3.00;81542.17
C-ECO-CHICA;12.00;11517.57
CepilloGHO18V-LI;2.00;566329.42
CFL230-8;0.00;39001.75
CI-H-17-450-50;0.00;12088.99
CI-HA-28-520-0;0.00;42255.78
CI-HA-28-520-28;0.00;42255.78
CI-HR-28-400-0;10.00;26396.07
CI-HR-28-400-36;12.00;26396.07
CIMPL-400-25;62.00;11448.44
CIMPU-600-0;30.00;15277.40
C-MOD3;4.00;15617.42
CN-90;7.00;290875.17
CON-10M;3.00;5919.78
CP;0.00;60951.64
CPCL40-8;3.00;563941.73
CPM-150;387.00;44202.01
CPM-180;1.00;234010.87
CPM-190T;30.00;325015.21
C-S65-M22;1.00;18440.32
C-S80-M22;17.00;23621.23
C-S90-M22;13.00;30606.55
CSDSP20L-9;0.00;1820.02
CSL1500-8;30.00;78003.64
CTY2T-1.6M;0.00;1052082.25
DDS115-9;0.00;3250.23
DDS180-9;0.00;9100.40
DDS230L-9;0.00;15600.71
DDT115H-9;0.00;3575.13
DPA000103;3.00;76240.29
DPS88193;0.00;2888.06
DPS88195;0.00;2832.71
DR335;0.00;19443.88
DR7760-N;3.00;205798.01
DRS68;0.00;280335.89
DS14;0.00;215645.70
DSSW1690;0.00;929995.07
DSSW2440;0.00;1482590.58
DSSW930;0.00;417826.67
DVEL125-9;0.00;3250.23
EOL320-8;6.00;273012.78
E-P170-M22;23.00;15452.08
E-P320-M22;37.00;17140.24
EV120;-1.00;19936.75
EV230;0.00;26366.03
EV503;114.00;5185.76
EVOMIG-205;0.00;534260.64
FM500-6;0.00;138055.47
FSP600HVLP;0.00;375355.00
FSP600LVLP;0.00;390367.09
FSX200;-1.00;145488.37
G710PLUS;1.00;464760.55
GAA18V-24N;0.00;55718.92
GAL18V-40;19.00;86529.31
GAM220MF;0.00;696072.34
GAS15PS;0.00;537586.42
GBH12-52;0.00;2448034.02
GBH18V-26;0.00;1294146.97
GBH18V-36C;0.00;1835497.07
GBH8-45D;0.00;1877350.68
GBH8-45DV;0.00;2194815.71
GBM10RE;0.00;221572.59
GBM13RE;0.00;488155.20
GBM1600RE;0.00;647368.31
GBM6RE;2.00;189139.61
GBS75AE;3.00;699366.29
GC9040-50;10.00;30868.29
GCL5318-8;0.00;51051.39
GCM10X;0.00;823838.12
GCM12GDL;6.00;2463401.59
GCO14-24;7.00;624014.38
GCO220;5.00;518409.65
GDE230FC-S;0.00;463529.57
GDE68;0.00;154486.05
GDL400-9;0.00;21370422.89
GDR120-LI;4.00;442751.61
GDS18V-400;0.00;1051440.05
GDX180-LI;10.00;580072.54
GE950G;4.00;576327.63
AM0324;0.00;48834.22
AM0334;1.00;46237.20
AML2200-8;24.00;136989.10
AML850-8;32.00;41602.14
APL125-8A;5.00;261194.08
AS-1004;125.00;21370.48
ASC55;0.00;80278.37
AT-70;55.00;157745.17
BA626;35.00;154208.30
BE04X-R;6.00;12273.94
BE08-NN;30.00;18823.01
BE08-R;59.00;24084.19
BH18LTXBL16;0.00;454024.88
BHL360-8;0.00;195009.07
BM1;0.00;46865.22
BM2P;55.00;65250.86
BM600;113.00;77687.98
BML5-8;0.00;32501.43
BP-05R;0.00;15928.86
BP20R;99.00;25526.32
BS175;0.00;630592.09
BSA12-18LED2000;0.00;236170.00
BSA18LED10000;0.00;389790.65
BT170HD;2.00;262161.47
BT300HD;0.00;465652.55
BT350;0.00;370813.83
BTCL7-8;4.00;208009.71
CAB;30.00;79285.31
CAR-020;0.00;145670.73
CAR-PA;78.00;88366.77
CBY-2.0;19.00;350237.47
CBY-3.0;0.00;403663.66
CCB150D;120.00;8835.42
CCCE50;12.00;1230.13
CCPR175;-6.00;8707.15
C-E115;2.00;116113.52
C-E150;7.00;195223.78
C-E65;3.00;53917.41
C-ECO-GRANDE;-4.00;14687.60
CEL1050-9;6.00;117419.26
CEL620-8;11.00;72843.48
CFL350-8;0.00;91004.27
CI-H-17-280-0;45.00;5679.11
CI-H-17-280-50;24.00;8337.15
CI-H-17-450-0;0.00;9870.50
CI-H-17-450-22;0.00;9870.49
CI-HR-19-300-0;0.00;10594.70
CI-HR-19-300-25;0.00;10594.70
CI-HR-19-400-0;0.00;12088.99
CI-HR-19-400-25;0.00;12088.99
CI-HR-28-500-0;0.00;35431.98
CI-HR-28-500-36;0.00;35431.98
CIPCU-250-50;9.00;5989.40
CI-RRH-30-410-0;1.00;23394.62
CI-RRH-30-410-35;15.00;23394.62
CML1500-8;7.00;593622.82
CML1850-8;4.00;617367.91
C-MOD2;23.00;10038.28
C-MOD7;-6.00;18174.61
CMT2;5.00;27681.16
CMT8;0.00;36622.42
CPM-158;53.00;119605.55
CPM-190;0.00;309414.65
C-S100-M22;0.00;44118.25
CS23-355;-1.00;325896.52
C-S30;1.00;12282.56
CSL2200-8;0.00;156007.55
DACZGB-A;11.00;250259.90
DG25S;0.00;157642.45
DPS88305;109.00;4439.05
DR2200;2.00;173880.15
DR231;0.00;24455.02
DR7350;5.00;124334.30
DSD250;0.00;795746.13
DSSW360;0.00;192579.74
D-TECT120;0.00;500152.67
D-TECT-150;-1.00;1609923.58
DVEL180-9;0.00;5200.23
DW10-125Q;0.00;565178.77
ED6013325;0.00;24505.94
EGCP500;1.00;1915600.14
EIGL4-8;0.00;154341.95
E-P320-M16;34.00;13925.60
ESL200-8;7.00;101404.81
ET20B;-1.00;716457.15
EV1100;1.00;66011.97
EV505;36.00;6990.18
EV508;31.00;16337.53
EV510;170.00;20222.95
EV525;7.00;9379.88
EVOMIG-175;8.00;344301.35
F000611090;0.00;12937.21
F20L-8;19.00;30868.34
FRL1400-9;2.00;97849.42
FSR200;1.00;145488.23
GEX125-1AE;0.00;318666.52
GGS28L;0.00;626209.05
GHG630DCE;0.00;373787.60
GHO26-82D;0.00;638149.68
GIC120;1.00;835923.95
GIS1000C;-2.00;1290458.79
GIS500;1.00;232555.07
GKS150;2.00;267045.90
GKS18V-68GC;2.00;1099373.68
GKS20-65;0.00;405199.08
GLI18V-1900;0.00;259363.58
GLL2-20;0.00;504574.21
GLL3-50;0.00;730467.99
GLL3-80C;0.00;1289077.57
GLL3-80G;0.00;1170789.00
GLM120C;0.00;835626.91
GLM40;0.00;184132.64
GOF130;0.00;339744.84
GOP18V-28;2.00;1061718.78
GP-BS27;0.00;1017469.64
GPO14CE;0.00;597658.60
GR14;272.00;599.10
GR240;5.00;173619.72
GR34;-2.00;6332.51
GR500;-1.00;168841.34
GR516;238.00;877.13
GRL250HV;0.00;2424306.88
GSA120;0.00;452252.69
GSA12V-LISB;0.00;206259.86
GSB120-LI;16.00;495037.84
GSB120-LIBT;0.00;328275.78
GSB12V-30;6.00;560965.24
GSB12V-30BS;0.00;390513.78
GSB13RE;0.00;217640.99
GSB13REM;-2.00;208572.66
GSB180-LIBT;5.00;363750.64
GSB18V-50;11.00;792068.58
GSB18VE-EC;0.00;1050825.52
GSC18V-16;0.00;838907.87
GSH11E;0.00;1627016.25
GSH16-28;0.00;3071505.46
GSR1000;13.00;218526.30
GSR120-LIM;0.00;432146.93
GSR12V-15FC;4.00;820673.20
GSR180-LI;0.00;540938.51
GSR18V-ECFC2;0.00;1294620.20
GSR6-25TE;0.00;474138.37
GSR6-45TE;0.00;538919.32
GSR6-60TE;0.00;597220.74
GSRMX2;0.00;336995.58
GSS18VBT;0.00;253917.67
GST150BCE;0.00;622683.93
GST25M;0.00;531863.37
GST75E;3.00;362463.33
GST90BE;1.00;413603.20
GTB650;2.00;642734.44
GTS10J;1.00;1757859.00
GWM32;0.00;243704.96
GWS12-125S;0.00;310908.99
GWS17-125CIE;0.00;482017.29
GWS17-125INOX;0.00;553806.80
GWS180-LI;0.00;368202.71
GWS18-125PL;0.00;488310.59
GWS20-230;0.00;371997.91
GWS2200-180;0.00;427481.76
GWS24-230;0.00;476948.04
GWS25-180DM;-2.00;516178.15
GWS28-180;0.00;553479.80
GWS700;0.00;126940.85
HBS18LTXBL3000;0.00;570950.79
HG18LTX500;1.00;446178.91
HG20-600;1.00;182080.74
HM2501;3.00;397727.29
HO18LTX20-82;1.00;498761.06
HSCHL-9;0.00;4550.34
HTBGA-15A;1.00;123505.81
HTBGO-30A;35.00;428260.07
HUSQ115IHD45;1.00;373100.52
HUSQ115IL;-2.00;297830.31
HUSQ120;36.00;239682.25
HUSQ125;15.00;258847.76
HUSQ131R;21.00;279373.29
HUSQ150BT;0.00;880279.66
HUSQ226R;14.00;501195.16
HUSQ236E;0.00;251873.49
HUSQ236R;32.00;563247.96
HUSQ321S15;0.00;342714.30
HUSQ325S25;-2.00;911998.60
HUSQ362D28;9.00;892424.09
HUSQ362M18;0.00;766625.04
HUSQ365PD;5.00;704168.09
HUSQ435E;-3.00;406081.91
G400Q;2.00;269570.99
GAM270MFL;0.00;927034.57
GB18LTXBLQ;4.00;759803.23
GBH180-LI;0.00;875547.57
GBH2-20D-AR;0.00;349218.47
GBH2-24D;0.00;394799.74
GBH2-26DRE;0.00;486158.39
GBH2-28D;0.00;507856.76
GBH3-28DRE;0.00;626194.67
GBH4-32DFR;0.00;1108035.72
GBH5-40D;0.00;1479384.88
GBH5-40DCE;0.00;1789621.74
GBL800E;0.00;386336.80
GBM16-2RE;0.00;602998.09
GCL2-15;0.00;461924.44
GCL2-15G;0.00;661029.80
GCL2-50C;0.00;600536.45
GCM12X;0.00;1685586.64
GCM18V-305C;0.00;3687862.43
GCY42;0.00;68831.06
GDE18V-16;2.00;309025.58
GDR120-LIBT;0.00;212433.89
GDS18V-1000SB;2.00;905596.55
GDS18V-400BT;0.00;527005.52
GDS18V-EC;0.00;966910.81
GEX125-150AVE;0.00;774002.52
GGS28;0.00;456235.11
GGS28CE;0.00;623237.81
GGS28LCE;3.00;869266.32
GHO12V-20;0.00;695254.51
GHO16-82D;0.00;572753.38
GIC120C;-1.00;1356465.01
GIM60L;0.00;614837.36
GKF550;0.00;284043.62
GKS235;0.00;606997.03
GLL2-10;0.00;343738.26
GLL3-80;0.00;997119.66
GLL3-80CG;0.00;1509377.93
GLM20;0.00;122967.47
GLM250VF;0.00;1001256.82
GLM30;0.00;134215.75
GLM50C;0.00;250713.47
GMS120;0.00;203565.32
GO1;0.00;187890.95
GOL26D;0.00;661029.80
GOP30-28;0.00;514215.89
GP255A;0.00;188508.89
GPL5;0.00;282582.11
GR12;155.00;2577.99
GR316;300.00;556.26
GR38;297.00;1155.31
GR716;198.00;1711.53
GSA1100E;0.00;670963.78
GSA18V-LIBT;0.00;509283.36
GSB16RE;0.00;253184.55
GSB180-LI2B;0.00;610898.58
GSB18V-LI;0.00;943515.55
GSB20-2RE;0.00;468113.92
GSB450RE;1.00;124721.10
GSB550RE;0.00;185849.01
GSH11VC;0.00;2497773.25
GSH27VC;0.00;3918478.24
GSH5;0.00;977058.89
GSH5CE;0.00;1321311.83
GSR120-LI;49.00;348295.48
GSR120-LIBT;22.00;308213.43
GSR18-2-LI PLUS;0.00;781148.27
GSR7-14E;3.00;213786.73
GSS140;0.00;146497.39
GSS140-1A;0.00;207634.66
GSS23AE;2.00;282349.80
GST650;2.00;162758.01
GST700;3.00;298816.47
GTL3;2.00;417324.84
GVC22EX;0.00;1248972.70
GWS11-125;0.00;285781.28
GWS13-125CI;0.00;396310.40
GWS20-180;0.00;371997.91
GWS2200-230;2.00;427481.76
GWS24-180;0.00;476948.04
GWS24-180LVI;0.00;625671.53
GWS24-230LVI;0.00;590902.54
GWS25-230LVI;0.00;576490.34
GWS26-180;0.00;522348.24
GWS28-230DM;0.00;553479.80
GWS670;0.00;149631.50
GWS850;0.00;169195.75
H16-500;0.00;158026.44
H5000A;0.00;58174.88
HG16-500;0.00;137411.97
HL-1500EX;0.00;1145692.19
HL-6000EX;0.00;1495929.54
HSCAB-9;0.00;3250.23
HSCCC-9;0.00;3575.13
HSCCF-9;0.00;3575.13
HSCFL-9;0.00;3250.23
HSCR-9;0.00;3250.23
HTBGA-50A;0.00;208009.71
HTBGO-60A;0.00;630529.46
HUSQ120I;0.00;378004.22
HUSQ122C;8.00;285634.57
HUSQ122HD60;0.00;366282.23
HUSQ125BVX;6.00;429836.85
HUSQ128C;10.00;262154.14
HUSQ128R;6.00;353791.89
HUSQ135II;51.00;380193.02
HUSQ143RII;12.00;617423.87
HUSQ226HD60S;-2.00;610457.67
HUSQ288XP;3.00;1107642.28
HUSQ321S25;0.00;369738.12
HUSQ331R;10.00;351707.06
HUSQ345FR;5.00;939378.06
HUSQ356BTX;0.00;1322748.96
HUSQ372XP;7.00;766625.04
HUSQ395XP;2.00;1162089.28
HUSQ450II;16.00;505406.42
HUSQ520IHD60;0.00;1172352.46
HUSQ520IHE3;2.00;1303032.56
HUSQ520IRX;1.00;817789.18
HUSQ525IB;0.00;536339.00
HUSQ530IP4;1.00;918168.56
HUSQ535IXP;0.00;785475.28
HUSQ545RX;1.00;1255113.81
HUSQ570BTS;0.00;1182030.98
HUSQ578BTF;0.00;1191116.20
HUSQ61;8.00;603371.02
HUSQ725;0.00;1182030.98
HUSQAM105;1.00;1902957.79
HUSQAM310;3.00;2212086.45
HUSQAM430X;0.00;3474326.88
HUSQBG375F;0.00;5943731.65
HUSQBG479F;0.00;5011769.38
HUSQBLI300;0.00;523654.93
HUSQHV764;1.00;1383886.20
HUSQK760C;0.00;3985635.55
HUSQK770;2.00;1518864.39
HUSQLB155S;1.00;1111672.07
HUSQLC137I;0.00;557162.65
HUSQLC140P;3.00;648914.89
HUSQLT5005-9;0.00;4768803.99
HUSQPG530;0.00;28408904.76
HUSQQC330;6.00;196372.30
HUSQQC80;0.00;63693.60
HUSQT435;10.00;463760.30
HUSQTF230;0.00;939532.10
HUSQTF545DE;2.00;2314356.82
HUSQTR430;0.00;1644888.46
HUSQW100D;4.00;1299919.86
HUSQW40P;3.00;434107.92
HUSQW50P;3.00;504781.27
HUSQX150;0.00;4497346.01
HV-380T;0.00;2431703.85
INCUT-70;3.00;962856.29
IRON-140;8.00;124660.73
IRON-180;0.00;148405.71
JATL82-8;0.00;32501.79
JC/304;8.00;26727.71
JD-206;0.00;104649.26
JD-209;0.00;151254.79
JD-211;0.00;177607.67
JD-214;0.00;217633.59
JFL6-8;8.00;10400.45
JK-1008;2.00;249321.59
JK-1008B;0.00;255257.83
JK-1009;0.00;314620.02
JM0001;35.00;151350.32
JM0004;0.00;54106.84
JM0005;0.00;62814.31
JM0015;0.00;243667.36
JM0018;0.00;405722.34
JM0019;3.00;459722.64
JM0021;0.00;584056.72
JM0025;0.00;349817.36
JMHSS19PZ-9;0.00;20801.16
JMV5-9;0.00;5200.27
K2C;9.00;208241.07
K4K;-1.00;268754.06
KCC/3C;4.00;825954.36
KDW702;0.00;5009064.04
KE3000;10.00;75963.42
KGEM6500E;22.00;1007110.17
KGET2800;0.00;323079.10
KGET6500E;62.00;889119.28
KH18LTXBL24;-1.00;542562.65
KHE2644;0.00;252976.47
KHE2645;0.00;283097.55
KHEV8-45BL;2.00;1489326.55
HUSQ445E;5.00;396088.27
HUSQ525PT5S;1.00;824913.31
HUSQ530IP5;0.00;1105265.26
HUSQ535IRX;0.00;1399816.67
HUSQ553RS;0.00;1036975.66
HUSQ7021P;0.00;970954.09
HUSQAM550;0.00;8452477.68
HUSQAMG3200;0.00;895817.85
HUSQBG244F;0.00;4182101.37
HUSQBLI10;4.00;149418.52
HUSQBLI20;0.00;210379.32
HUSQBLI200;9.00;306013.04
HUSQDC6000;0.00;25701381.97
HUSQFS400LV;0.00;3899192.10
HUSQHS452;2.00;1054319.10
HUSQHS608;1.00;1192332.27
HUSQLC140S;0.00;795712.40
HUSQLC151;6.00;785998.61
HUSQLF60LAT;1.00;3062943.64
HUSQLFV80;1.00;2519708.60
HUSQLG300-20;0.00;12234856.55
HUSQLG400-26;0.00;13985361.48
HUSQLP6505;0.00;28730264.77
HUSQLT6005-11;2.00;4900592.28
HUSQPG280;0.00;4260335.63
HUSQPG450;0.00;10125241.20
HUSQPG680;0.00;46392399.56
HUSQPG820;0.00;50185329.73
HUSQTF338;2.00;1212995.26
HUSQTF545D;0.00;1939754.75
HUSQTR530;0.00;2256947.33
HUSQW80P;0.00;567066.14
HV-220T;2.00;2518436.11
INARC-160;1.00;237448.99
INCUT-100;2.00;1423507.72
INCUT-40;5.00;225576.62
IRON-100;0.00;94979.65
IRON-300;11.00;237448.99
IRONBLACK-300;0.00;296811.41
JD-207;0.00;121425.87
JD-208;2.00;137546.25
JD-210;0.00;164413.40
JD-212;0.00;190801.95
JD-213;1.00;204474.98
JK-1003;0.00;216078.68
JK-1010;0.00;391791.05
JM0002;230.00;164460.11
JM0003;0.00;45514.86
JM0016;0.00;292259.01
JM0017;0.00;346277.39
JM0020;10.00;521898.71
JM0027;0.00;977739.60
JMHSS6PZ-9;0.00;7800.59
K2CDF;0.00;201045.39
K300;6.00;320556.26
K3C;0.00;236677.03
K3P;-1.00;304299.04
K412;15.00;14392.38
K5;0.00;326839.61
KFM15-10F;0.00;5409959.33
KGET2800E;0.00;363583.38
KGS216M;2.00;563348.34
KH18LTXBL28Q;0.00;688505.81
KH5-40;1.00;904676.70
KHE2860QUICK;2.00;526470.42
KIT-D;2.00;130006.01
KIT-M;3.00;130006.01
KLDKC2709;3.00;256495.51
KLDR04;3.00;1987341.73
KS66FS;14.00;336057.56
KS85FS;0.00;598139.64
KSE200;39.00;182872.49
KSME160;53.00;416192.48
KTEP40;2.00;454028.23
LA-1500MM;11.00;117005.71
LA-6002M;3.00;416019.56
LA-8003M;10.00;637029.91
LBAN40-9;0.00;5200.27
LBAN80-9;0.00;5200.27
LBL320-8;8.00;52186.27
L-BOXX;0.00;307261.93
L-BOXX102S;0.00;133080.77
L-BOXX136;2.00;121227.02
L-BOXX238;7.00;163706.55
L-BOXXM;1.00;28768.16
LC-30100;0.00;587686.70
LC-30150V;0.00;771709.75
LCC-20;0.00;119605.55
LCC-45;8.00;143006.51
LD52;0.00;153154.68
LDF2008R;0.00;0.00
LDF2010R;0.00;0.00
LENDU10-8;-1.00;9750.13
LENDU4-8;-1.00;4550.24
KIT-C;2.00;130006.01
KNSE9-150SET;1.00;1456226.36
KS18LTX57;0.00;573887.61
KS190;0.00;202079.34
KSME240;41.00;595912.16
LA-2501M;16.00;214510.03
LAR-101;0.00;171608.10
LAR-102;0.00;130006.01
LBAN100-9;0.00;5200.27
LBAN150-9;0.00;5200.27
LBAN60-9;0.00;5200.27
LBL810-7;6.00;84802.70
L-BOXX102;-1.00;106722.39
LC-2550BK;0.00;178086.79
LC-30150VT;2.00;771709.75
LCC-180;0.00;160687.59
LCO-1032B;9.00;143006.51
LD52-7;29.00;94979.65
LDF2006R;0.00;0.00
LENDU1-8;4.00;1819.97
LENDU20-8;0.00;18200.37
LESPUM-9;45.00;4349.96
LiHD4.0;23.00;136688.82
LiHD8.0;0.00;390897.76
LJ207D;0.00;117932.23
LJL1300-8;0.00;110896.02
LL-27;0.00;35617.21
LL-32;0.00;86668.66
LLEXT20-8;-1.00;30550.58
LLEXT4-8;5.00;7150.17
LLINT4-8;5.00;6500.17
LLP-900;5.00;72283.22
LM200;11.00;148405.71
LMR160-9;10.00;142469.58
LPA-4A;1.00;3443012.68
LQ4-PACK-120M;4.00;208009.71
LQ-510B;15.00;442020.84
LQ-530B;0.00;522665.62
LQ-810;14.00;100915.76
LQ90203S;15.00;28601.38
LQAL-065;0.00;39001.69
LQAP-220;8.00;241811.41
LQB-D100;0.00;81393.31
LQB-D200;0.00;121410.70
LQC-250;0.00;77171.03
LQC3.5EX;0.00;357516.68
LQE6001;170.00;2600.19
LQE6003;157.00;6955.32
LQE6013-325;666.00;3063.73
LQFLUX085;37.00;55902.52
LQFLUX091;0.00;18200.82
LQH90804;0.00;36401.64
LQH91204;0.00;44202.10
LQI-1800;7.00;269504.74
LQMOP;0.00;49402.24
LR7;0.00;250713.48
LRL300-8;11.00;45663.03
LRO-2;5.00;569877.97
LSEFI10-8;9.00;12350.35
LSEFI20-8;6.00;19500.54
LSEFI4-8;6.00;5200.12
LSP-400;8.00;71503.45
LTF-6308R;18.00;37992.00
LTF-6315;9.00;56987.63
LVEL12540-9;0.00;1950.01
LVEL12560-9;0.00;1950.01
LX-002;12.00;23744.80
M140-370;0.00;16868.40
M180-570;6.00;26460.73
M200-370;13.00;22534.56
M250-370;6.00;26421.71
M250-570;1.00;35302.40
M280-370;6.00;30082.74
M300-570;0.00;57668.60
M320-370;6.00;49712.93
M320-570;4.00;63658.16
M350-570;2.00;81470.89
M380-570;3.00;99394.00
MA55;0.00;362075.90
MATLB-9;6.00;22101.06
MATLN-9;0.00;20801.12
MATLV-9;3.00;22101.06
MBD3;12.00;40508.10
MBD5;11.00;106945.21
MDL1300-9;4.00;195895.53
ME-75;4.00;87452.01
MEGAIRON100;17.00;80732.86
MEGAIRON140;16.00;130395.07
MFE40;-1.00;1440785.50
MFOS26-9;0.00;5200.27
MFOS35-9;0.00;6500.35
MKS18LTX58;1.00;678971.29
LG13EX;0.00;890434.23
LG2500;0.00;273066.44
LG3000;25.00;356173.72
LG3000E;21.00;421472.15
LG3500EXI;0.00;1127883.46
LG8500EX;0.00;1068521.03
LG8500EXT;0.00;1187245.76
LiHD5.5;1.00;298917.38
Li-Ion2.0;15.00;91980.67
LJ206D;0.00;99184.43
LJ208D;0.00;132016.61
LL-30;3.00;86668.66
LLEXT10-8;2.00;15275.35
LLINT10-8;3.00;15600.30
LLINT20-8;2.00;29250.49
LLP-250;7.00;65003.24
LLP-400;6.00;70203.49
LMB20P;5.00;445217.24
LMB-30EX;0.00;761024.53
LPA40-13Z;6.00;156007.42
LPS15-8.5Z;-1.00;52002.52
LQ93007;0.00;96204.45
LQAL-085;37.00;32501.39
LQAL-095;28.00;32501.47
LQAP-220B;7.00;304214.29
LQB-D400;-1.00;1071250.34
LQCP125;0.00;135206.37
LQCT107-8K;0.00;182008.56
LQE6002;70.00;4550.30
LQE6013-200;33.00;4054.54
LQE6013-250;2.00;3240.59
LQFLUX081;0.00;20801.00
LQFLUX095;13.00;46802.20
LQH120201R;0.00;200209.30
LQH120701;0.00;214997.57
LQLB-250;6.00;124660.73
LQMH550;0.00;101404.81
LQROD-20;0.00;20801.05
LQSPI7101;8.00;10400.47
LR-02;0.00;62402.81
LR1;3.00;478335.59
LR2;0.00;226183.69
LR6;0.00;173619.88
LRO-2P;0.00;455021.35
LSEFI1-8;9.00;1820.00
LSI-750;12.00;101404.81
LSP-750;5.00;78003.58
LVEL125120-9;0.00;1950.01
LVEL125180-9;0.00;1950.01
LVEL12580-9;0.00;1950.01
M160-370;3.00;18660.17
M160-570;6.00;24753.16
M180-370;4.00;20438.88
M200-570;2.00;30975.20
M220-370;4.00;24753.13
M220-570;3.00;33672.47
M280-570;5.00;46757.41
M300-370;4.00;35302.40
M350-370;5.00;61588.21
M380-370;3.00;75539.60
M400-370;4.00;84498.12
M400-570;1.00;109263.75
MAG50;2.00;3097322.18
MATLA-9;0.00;20801.12
MATLNJ-9;0.00;20801.07
MBD4;13.00;71293.21
MBD6;10.00;151507.63
MBD8;3.00;231721.57
MCF-1000;4.00;647049.00
MCF-1000M;5.00;189959.28
MCSL12L-8;0.00;78003.58
ME-100;5.00;112841.15
MEGAIRON180;13.00;142469.58
MEGAIRON250;29.00;187584.98
MHEV11BL;0.00;1526255.74
MZ54;0.00;16187893.69
MZ54S;0.00;16187893.69
NAV164;0.00;14000.89
NAV165;0.00;14000.89
NAV166;0.00;14000.89
NAV30;6180.00;20.30
NAV33;16648.00;97.28
NAV35;4667.00;243.34
NAV36;5641.00;372.76
NAV37;604.00;519.10
NAV38;999.00;770.53
NAV40;3840.00;1297.75
NAV42;10849.00;178.37
NAV44;1537.00;2512.44
NAV540;0.00;2111.06
NAV627;0.00;21501.31
NAV720;3749.00;1038.71
NC/4258;2.00;224255.16
MM13M-9;0.00;5200.23
MM13MK-9;0.00;6500.33
MPPL274-8;6.00;351016.35
MT18LXTBLQSL;0.00;706453.96
MTC52;212.00;128007.30
MZ48;0.00;15273571.08
N1;21.00;163840.01
N2;24.00;211329.71
N3;19.00;330054.20
NAV34;6533.00;137.96
NAV353;3.00;96.52
NAV39;725.00;1054.58
NAV41;3065.00;1628.64
NAV43;0.00;1945.06
NAV520;0.00;2111.06
NAV521;0.00;2111.06
NAV522;0.00;2111.06
NAV530;0.00;14000.89
NAV628;0.00;30717.19
NAV721;2482.00;1298.43
NAV722;2492.00;1798.76
NC2-3;-1.00;71503.39
NC2-5;2.00;94904.49
NC3-5;0.00;162507.61
NIVELOX;0.00;388653.66
NUB6516;72.00;7781.74
P050-160;32.00;1979.18
P080-260;83.00;3052.93
P100-110;52.00;2147.41
P100-350;30.00;4320.45
P120-350;19.00;4572.95
P160-160;13.00;4456.35
P160-260;0.00;5892.36
P160-450;25.00;10200.08
P180-210;6.00;6442.03
P240-260;5.00;14779.32
P240-450;1.00;19442.79
P240-600;0.00;25749.11
P250-260;5.00;14779.30
P250-600;5.00;25749.09
PAR-47N;0.00;82754.14
PB-100;0.00;75403.80
PC-110;27.00;5484.71
PEB-P;1.00;98147.69
PHB/15M2;0.00;627664.75
PHP/15M4;1.00;476672.59
POWER160-518LTX;1.00;456872.14
PQ-500;0.00;156007.42
PR1800-1;684.00;9008.97
PR2606;5548.00;18729.54
PRE-2;-1.00;27470.55
PS-180;-1.00;16053.54
PT-115;81.00;7606.37
PT-180;3.00;16881.64
PT-230;10.00;26725.75
PTF-115;-1.00;13705.56
PU1004;239.00;14276.08
PYC-4.3;65.00;4094.16
PYS-7;22.00;12437.77
QB/53802;4.00;452357.12
QC100;-2.00;45501.30
QC150;0.00;25868.43
R32;-1.00;317334.01
R42;0.00;352875.42
RECL710-8;4.00;156559.06
RK300R09;0.00;10698.19
RM2;0.00;56705.21
RM3;10.00;449181.69
RML1100-9;23.00;98294.23
RPL150-9;0.00;845039.63
RSG18LTX15;0.00;945887.94
RTL19R01;0.00;2738.93
RTL7509R01;0.00;2738.93
RU15902;8.00;292926.13
RU25955;1.00;73113.77
RU26962;-1.00;1167828.76
S18024;34.00;5316.20
S18040;29.00;6514.43
S18060;38.00;8910.31
SB18L;0.00;422141.75
SB18LT;0.00;338471.13
SB18LTBL;5.00;468815.41
SB21;24.00;9108.30
SB2134;0.00;229946.03
SB2134MM;11.00;250451.63
SB2412;6.00;72598.22
SB4614;0.00;43631.77
SBSL110-9;2.00;871040.78
SBSL72-9;2.00;702032.99
SC-16AV;8.00;173337.83
SCL2200-8;9.00;130465.85
SCL450-7;8.00;43488.66
SD0803;0.00;20190.48
SE18LTX2500;4.00;470238.74
NC1-3;1.00;61102.93
NE/421;11.00;244071.55
P050-110;53.00;1714.07
P060-110;118.00;1714.06
P060-210;52.00;2587.17
P060-260;50.00;2936.55
P080-110;118.00;1979.17
P080-160;114.00;2147.42
P080-210;126.00;2626.09
P080-350;15.00;4120.15
P100-160;52.00;2386.73
P100-450;7.00;5672.37
P120-160;74.00;2626.09
P120-450;8.00;6060.58
P140-160;8.00;3725.57
P140-210;26.00;4268.90
P140-450;8.00;7619.33
P180-260;2.00;7367.10
P180-450;8.00;11331.95
P200-260;12.00;9236.08
P200-450;3.00;13492.23
P200-600;0.00;18970.65
P250-450;0.00;19442.79
P800K;0.00;27306.59
PA14.4-18;1.00;78086.95
PAR-61;-1.00;167382.94
PARM-40N;0.00;63471.54
PC-180;-3.00;13705.56
PE15-20RT;0.00;632094.53
PHP/15LIV;0.00;382204.57
Pro Pruner;1.00;537018.53
PS-115;6.00;6985.39
PS-230;1.00;25399.76
PSDSP20L-9;0.00;1820.02
PYC-7;40.00;11280.15
PYS-4.5;22.00;5148.39
QB/115;0.00;346229.33
R200;1.00;53889.72
R45;0.00;385878.16
R60;0.00;505770.34
RBE15-180;0.00;1584262.76
RK300R10;0.00;106852.32
RL19AR01;0.00;2738.93
RML850-7;11.00;55600.68
RNC;65.00;33039.75
RU13939;3.00;627310.54
S150PD;4.00;188325.32
SB16;25.00;9108.30
SBSL24-9;1.00;702032.99
SBSL48-9;2.00;806037.83
SCL710-8;6.00;65232.87
SE17-200;1.00;1580230.29
SFL250-8;7.00;249321.59
SMEL1-8;-1.00;13000.64
SMEL2-8;1.00;15600.78
SMEL3-8;1.00;20801.16
SO0001;6.00;33981.55
SO0002;7.00;37279.34
SOSTB24;264.00;3008.96
SP48104;0.00;10841927.87
SSW18LTX1450BL;0.00;1067067.88
SSW18LTX300;2.00;496178.34
STEB65;9.00;145488.23
T1.5B;0.00;109.67
T1.5C;0.00;109.67
T1.5N;0.00;109.67
T1.5VA;0.00;109.67
T250;46.00;84770.17
TAC16PH223;0.00;5610.27
TACSD30186;5.00;9065.02
TACSD30246;14.00;11010.19
TACSD30256;7.00;27705.35
TACSD30266;4.00;21866.32
TACSR0121;0.00;32534.71
TAGLI201158;10.00;122117.18
TAL08L-9;422.00;1560.17
TB-13;9.00;118724.49
TB-16;8.00;237448.99
TB20036-4;0.00;40899.84
TB20062-4;14.00;123664.38
TB-25;4.00;742028.65
TBG15015-4;6.00;61974.22
TBG35020-4;0.00;121883.67
TBL-18/300;3.00;985413.87
TBL-330;3.00;5520692.54
TB-M3;11.00;13694.21
TB-M4;10.00;20541.60
TB-MC4;6.00;79427.34
TB-MC6;4.00;157484.66
TC-1350;5.00;78003.58
SLL4-7;6.00;8450.19
SM20;0.00;292277.93
SM250-1500;10.00;268317.35
SO0003;0.00;37335.31
SO0004;0.00;44972.64
SSD18LT200BL;-1.00;379805.45
SSE1100;0.00;452651.26
SSE18LTXBL;0.00;601324.79
SSW18LTX1750BL;0.00;1139416.62
SSW18LTX400;-3.00;637945.08
ST-1L;46.00;48067.12
STEB140;4.00;647004.71
ST-OX;0.00;601536.88
SWP255A;0.00;162507.61
SXE450;0.00;509231.44
T1.5;0.00;156.28
T1.5M;0.00;109.67
T11751;4.00;9880.56
T18215;21.00;21971.17
TABLI2001;0.00;79811.96
TAC16HL133;52.00;6984.62
TAC26HL133;0.00;7082.63
TACDF30266;6.00;20390.73
TACLI2001;1.00;51070.00
TACLI2002;10.00;124250.24
TACSD12501;24.00;34892.87
TACSD30136;7.00;7277.55
TACSD30156;8.00;12947.77
TADI912;11.00;6910.06
TAGLI1151;0.00;127425.96
TAKB0501;5.00;4649.06
TAL12-8A;-1.00;52186.27
TAPLI2001;0.00;193735.19
TAT83501;0.00;63131.46
TB-20;3.00;403663.66
TB2046-4;4.00;42763.71
TB2066-4;0.00;70596.70
TB2086;0.00;96589.84
TBL-25/700;3.00;2018317.68
TBL710-9D;3.00;225576.62
TBLI12152;13.00;28741.82
TB-MC5;8.00;102707.38
TBS18LTXBL5000;0.00;562422.67
TCLI12081;7.00;9816.15
TD614006-4;5.00;208297.57
TDLI1211-4;7.00;80503.97
TDLI1222-4;30.00;176206.19
TDLI1232-4;0.00;105722.39
TDLI20011-4;-1.00;112271.40
TDLI20024-4;5.00;161767.94
TF1301826-4;10.00;74674.64
TF2041506-4;17.00;110326.09
TFBLI2002;0.00;81764.58
TFCLI2001-4;0.00;25279.50
TFMFT01151;0.00;21900.02
TG1061356-4;11.00;61096.08
TG1081156-4;21.00;80180.44
TG108136;0.00;67209.50
TG109136;9.00;82476.53
TG111136;9.00;109304.50
TG111165;2.00;162394.80
TG1141256-4;19.00;153337.50
TG12018026-4;10.00;169732.30
TG1251806;0.00;188408.43
TG1252306;11.00;188410.41
TG55061-4;5.00;78587.73
TGMATLI18K;-1.00;137806.55
TGMCA18;0.00;28601.33
TGMCLI18K;5.00;148206.87
TGMMCLI18;12.00;73453.39
TGMPLI18;1.00;52002.56
TGMTPLI18K;-1.00;178095.23
TGTLI20018;5.00;78940.63
TH115326;16.00;177979.64
TH116386-4;4.00;259459.49
TH213006;9.00;203438.67
TH220502;10.00;1139687.14
TH306236-4;19.00;116595.45
TH308268-4;63.00;120834.03
THIT015501;4.00;39443.91
THKTHP11272-4;12.00;137423.11
THKTHP21426;5.00;379269.26
THKTHP90256;15.00;42448.03
THPTCS70971;5.00;334057.24
THT101066;21.00;7998.62
THT101083;6.00;6887.16
THT101086;0.00;10732.28
THT101106;0.00;14254.71
THT101126;0.00;20825.92
THT106391;0.00;9981.29
THT10701;0.00;61298.85
THT114041;4.00;22568.58
THT121251;0.00;105369.37
THT1320502;5.00;6751.93
THT1321201;5.00;19932.25
THT1321203;2.00;23522.22
THT141253;0.00;98362.28
THT1651;0.00;320463.66
THT16P2031;0.00;20938.38
THT171006;0.00;11573.43
THT171146;0.00;16552.76
THT171366;0.00;62726.00
THT21509;0.00;10213.97
THT250606;0.00;9357.93
THT250608;0.00;14577.69
THT250726;9.00;8892.14
THT250906;17.00;9545.82
THT25616;0.00;9756.18
THT260606;82.00;8358.96
THT41196;20.00;5798.02
THT4211226;8.00;5940.56
THT421441;0.00;136379.33
THT5113306;0.00;13586.15
THT54166;12.00;6226.02
THT55226;23.00;8794.56
THT59241;3.00;10934.92
THT7110006;27.00;12211.80
THT720516;0.00;47532.68
THT7215006;7.00;14292.21
THT7220006;0.00;16868.16
THT74166;0.00;7578.05
THT74246;0.00;9740.88
THT761616;0.00;6459.00
THT77406;24.00;10859.93
THT84016;26.00;2230.79
THT84026;28.00;4085.53
THT84100306;12.00;10056.27
THT84252;103.00;4701.44
THT8541;24.00;1825.10
THT8593;9.00;4299.54
THT91462;11.00;6038.29
THTCS12591;0.00;338811.34
THTHP13002;0.00;210437.94
THTIS566;-2.00;7278.53
THTLI20461;-2.00;187854.74
THTS721000;5.00;11964.09
TIDLI1222-4;1.00;185481.55
TIDLI1232-4;0.00;120570.11
TIDLI20608-4;0.00;295717.21
TIDLI228121;0.00;120164.57
TIL23-8KB;12.00;65232.87
TIL600-8K;20.00;63058.50
TIRLI2002;4.00;278706.80
TIWLI2001-4;5.00;262859.81
TKCB/12;-1.00;160330.99
TKCB/2;9.00;69608.24
TKCB/20;-1.00;236126.62
TKCB/30;-1.00;304420.05
TKCC/3EC;0.00;486090.50
TKHS315C;1.00;1051040.76
TL13-9;9.00;48101.06
TL-1423A;20.00;58339.48
TL-19061;8.00;82353.53
TL750-9;0.00;32501.47
TLK32402;0.00;8959.98
TLT6001-4;0.00;85339.39
TM-16A;741.00;26187.84
TMT321506;10.00;42030.12
TMT410002;0.00;114561.88
TMT4100041;3.00;108831.55
TMT46001;1.00;21919.86
TMT460012;6.00;18422.26
TOC228120;0.00;13195.62
TPL600-8;30.00;43488.66
TR111216-4;2.00;149094.00
TRHLI2201;2.00;202086.42
TS100802;4.00;125632.03
TS138L;4.00;5710203.40
TS142;3.00;6280279.62
TS206806;7.00;73683.66
TS2081106-4;0.00;133143.23
TS254M;0.00;975965.67
TS42142101-4;19.00;183007.15
TS42182551;6.00;408921.21
TSLI1401;0.00;120727.81
TT328151-4;0.00;96520.69
TCFL186501;0.00;46721.31
TD4486;0.00;31552.71
TDLI1241;0.00;57911.94
TDLI20012-4;2.00;153728.03
TDLI20021-4;0.00;155091.60
TDLI200215-4;0.00;185563.98
TDLI2003-4;0.00;282093.58
TF2231106;15.00;69545.05
TFBLI2001;0.00;48251.67
TG10711536-4;0.00;58785.95
TG10711556-4;34.00;65078.54
TG1081316-4;0.00;65838.39
TG1091156;12.00;86571.05
TG1121256-4;1.00;92992.28
TG1241806;0.00;155618.29
TG1242306;0.00;155618.29
TG1262306-4;1.00;218709.27
TG1302306-4;2.00;242664.82
TG501032;6.00;54847.58
TG504062;6.00;105301.53
TG5126101;0.00;10972.69
TGGLI2001;20.00;36500.04
TGMB1518;-1.00;36401.68
TGMELI18;21.00;73453.39
TGMILI18;-1.00;33242.79
TGMLLI18;2.00;73453.39
TGMOLI18;8.00;52002.56
TGMTLI18;5.00;87708.67
TGTLI20301;4.00;153615.27
TH110266-4;0.00;129942.24
TH215002;8.00;442425.35
TH215456-4;5.00;363421.54
TH217506-4;0.00;520261.14
THFSW1806;17.00;10296.69
THKTHP1012-4;9.00;132048.75
THL013AAA2;16.00;20232.75
THT106191;18.00;6511.52
THT106192;0.00;8831.91
THT106392;3.00;8396.73
THT106KT0181;10.00;16710.46
THT1320501;65.00;6563.90
THT1320503;25.00;7082.20
THT1320801;7.00;12211.80
THT1321202;0.00;21787.26
THT141121;4.00;32076.50
THT141451;0.00;51317.85
THT1611;1.00;109387.21
THT1631;1.00;227343.88
THT170806;7.00;9012.21
THT171186;0.00;24168.18
THT171206;0.00;14029.19
THT171486;0.00;86090.37
THT183201;3.00;6413.79
THT20109;1.00;12331.86
THT250201;0.00;4033.16
THT250618;0.00;24386.11
THT2K0301S;0.00;24596.19
THT41126;45.00;5557.47
THT41166;31.00;4911.93
THT41226;8.00;5031.86
THT41256;0.00;5347.39
THT4166;23.00;4476.06
THT41K0401;2.00;20353.10
THT4221226;2.00;5940.56
THT54106;4.00;15681.58
THT55206D;1.00;17266.26
THT6146;0.00;68982.09
THT713006;15.00;5842.96
THT7143206;0.00;24708.95
THT715006;49.00;7224.74
THT7210006;0.00;11964.09
THT744246;0.00;9295.60
THT750416;0.00;52045.67
THT7812506;3.00;25580.01
THT84042;30.00;8629.42
THT84120306;35.00;14772.60
THT8414091;18.00;13901.54
THT84152;85.00;2230.79
THT8592;1.00;3702.59
THT918516;0.00;24198.22
THTLI2001;-1.00;109687.86
TIDLI20012-4;8.00;262879.05
TIDLI20031-4;0.00;222582.33
TIRLI1201-4;0.00;120164.57
TJSLI8501;0.00;120156.98
TKCB/15;0.00;185157.93
TKCB/5;0.00;108126.80
TT3506;-1.00;50732.87
TT5006;6.00;75972.47
TUCLI2001;5.00;14975.52
TVLI2001;1.00;87675.08
TX320047;0.00;143034.66
TX320062;-1.00;57827.81
TX320144;7.00;24253.32
TX320312;-2.00;131521.28
TX320350;5.00;107727.99
TX320352;3.00;98562.90
UCU0002PV;0.00;22583.38
W11-125Q;4.00;353215.71
W18L9-125Q;0.00;446178.91
W2200-230;0.00;316052.86
W24-180MVT;-3.00;364172.67
W26-180MVT;6.00;557723.74
W650-125;106.00;103570.14
W-71G;17.00;16621.41
WB18LTXBL180;-1.00;735302.87
WD1;0.00;129013.84
WE2400-180;0.00;390412.31
WE26-230MVTQ;0.00;501143.70
WEPBA19-180Q;5.00;780813.27
WFI-1072;2.00;47327.85
WP11-125;0.00;229584.69
WPB18LTBL11-125;0.00;678564.93
Y115ZP80;9.00;2296.07
Y180AP120;204.00;3699.76
Y180AP60;149.00;3699.78
Y180ZP120;136.00;5264.82
Y180ZP40;229.00;5264.82
TKCB/8;0.00;119262.13
TL1108236;12.00;154824.47
TL1-9;1.00;40302.09
TL-19031;2.00;51108.65
TL1-9N;0.00;40302.20
TLK32302;20.00;6459.00
TLK32502;0.00;13916.71
TM-05A;439.00;14559.52
TM-08A;398.00;15984.75
TMLI2001;0.00;72474.32
TMT410004;2.00;114265.30
TOBPLI228120;0.00;33916.92
TP1141806-4;6.00;149875.04
TRF-45;33.00;24474.90
TRF-45E;33.00;20697.67
TRHLI1601;2.00;90123.39
TRSLI1151;2.00;139857.10
TS11418526-4;21.00;128861.38
TS1222356;0.00;256905.49
TS148;1.00;7747717.95
TS2045565-4;0.00;56086.84
TS2081356-4;30.00;45856.85
TS248TXD;0.00;8650152.26
TS254G;0.00;9083713.20
TS42182552-4;4.00;96053.62
TS5152542-4;0.00;729255.78
TS92035526-4;1.00;189159.06
TSDLI0403;20.00;52699.92
TSGLI2001;9.00;54731.51
TSILI2001;3.00;30021.66
TSLI1651;0.00;157715.83
TTAC1401;0.00;49643.14
TTAC1406;0.00;31557.46
TTAC2506;2.00;74977.85
TUCLI1201;10.00;0.70
TVLI2005;0.00;155951.10
TWLI2001;3.00;60094.99
TX320060;4.00;77974.88
TX320064;1.00;113078.15
TX320300;2.00;97168.30
TX320311;-2.00;48174.54
TX410486;11.00;108177.27
VC3;0.00;158727.80
W1100-125;1.00;195211.82
W18LTX125;0.00;364172.39
W2200-180;0.00;316052.86
W26-230MVT;0.00;576327.63
W850-125;-5.00;148729.95
WE24-180MVT;12.00;548427.54
WEF15-125Q;1.00;706453.96
WEP17-125Q;0.00;390412.31
WEPBA17-125Q;16.00;567020.10
WEQ1400-125;-1.00;250978.43
WEV15-125Q;15.00;390412.31
WEV17-125Q;4.00;520538.36
Y115ZP120;444.00;2296.07
Y115ZP40;70.00;2296.07
Y115ZP60;235.00;2296.07
Y180AP40;204.00;3699.78
Y180AP80;273.00;3699.79
Y180ZP60;119.00;5264.92
Y180ZP80;66.00;5264.92
YL250NG-9;0.00;2738.93
YL250T-9;26.00;2738.93
Z248F;0.00;10731728.52
Z254;0.00;7790196.38
